trip_id,arrival_time,departure_time,stop_id,stop_sequence
trip_route_1_01,08:00:00,08:00:00,stop_broadway,1
trip_route_1_01,08:05:00,08:05:00,stop_island_ground,2
trip_route_1_01,08:10:00,08:10:00,stop_marina_beach,3
trip_route_1_01,08:15:00,08:15:00,stop_thiruvanmiyur,4
trip_route_2a_01,08:00:00,08:00:00,stop_island_ground,1
trip_route_2a_01,08:05:00,08:05:00,stop_broadway,2
trip_route_2a_01,08:10:00,08:10:00,stop_kannadasan_nagar,3
trip_route_2b_01,08:00:00,08:00:00,stop_kannadasan_nagar,1
trip_route_2b_01,08:05:00,08:05:00,stop_broadway,2
trip_route_2b_01,08:10:00,08:10:00,stop_kannadasan_nagar,3
trip_route_3_01,08:00:00,08:00:00,stop_t_nagar_terminus,1
trip_route_3_01,08:05:00,08:05:00,stop_velachery,2
trip_route_3_01,08:10:00,08:10:00,stop_thiruvanmiyur,3
trip_route_4_01,08:00:00,08:00:00,stop_island_ground,1
trip_route_4_01,08:05:00,08:05:00,stop_broadway,2
trip_route_4_01,08:10:00,08:10:00,stop_ennore,3
trip_route_8b_01,08:00:00,08:00:00,stop_island_ground,1
trip_route_8b_01,08:05:00,08:05:00,stop_broadway,2
trip_route_8b_01,08:10:00,08:10:00,stop_thiruvika_nagar,3
trip_route_13_01,08:00:00,08:00:00,stop_t_nagar_terminus,1
trip_route_13_01,08:05:00,08:05:00,stop_island_ground,2
trip_route_15_01,08:00:00,08:00:00,stop_island_ground,1
trip_route_15_01,08:05:00,08:05:00,stop_cmbt,2
trip_route_18a_01,08:00:00,08:00:00,stop_royapuram,1
trip_route_18a_01,08:05:00,08:05:00,stop_broadway,2
trip_route_18a_01,08:10:00,08:10:00,stop_guindy,3
trip_route_18a_01,08:15:00,08:15:00,stop_tambaram_west,4
trip_route_18a_01,08:20:00,08:20:00,stop_kilambakkam,5
trip_route_19_01,08:00:00,08:00:00,stop_t_nagar_terminus,1
trip_route_19_01,08:05:00,08:05:00,stop_siruseri,2
trip_route_19_01,08:10:00,08:10:00,stop_thiruporur,3
trip_route_19a_01,08:00:00,08:00:00,stop_t_nagar_terminus,1
trip_route_19a_01,08:05:00,08:05:00,stop_siruseri,2
trip_route_19b_01,08:00:00,08:00:00,stop_t_nagar_terminus,1
trip_route_19b_01,08:05:00,08:05:00,stop_siruseri,2
trip_route_19b_01,08:10:00,08:10:00,stop_thiruporur,3
trip_route_19c_01,08:00:00,08:00:00,stop_t_nagar_terminus,1
trip_route_19c_01,08:05:00,08:05:00,stop_siruseri,2
trip_route_19d_01,08:00:00,08:00:00,stop_t_nagar_terminus,1
trip_route_19d_01,08:05:00,08:05:00,stop_siruseri,2
trip_route_19d_01,08:10:00,08:10:00,stop_kovalam,3
trip_route_19t_01,08:00:00,08:00:00,stop_t_nagar_terminus,1
trip_route_19t_01,08:05:00,08:05:00,stop_siruseri,2
trip_route_19t_01,08:10:00,08:10:00,stop_kelambakkam,3
trip_route_21_01,08:00:00,08:00:00,stop_broadway,1
trip_route_21_01,08:05:00,08:05:00,stop_island_ground,2
trip_route_21_01,08:10:00,08:10:00,stop_mandaveli,3
trip_route_21c_01,08:00:00,08:00:00,stop_broadway,1
trip_route_21c_01,08:05:00,08:05:00,stop_island_ground,2
trip_route_21c_01,08:10:00,08:10:00,stop_kannagi_nagar,3
trip_route_21e_01,08:00:00,08:00:00,stop_island_ground,1
trip_route_21e_01,08:05:00,08:05:00,stop_guindy,2
trip_route_21e_01,08:10:00,08:10:00,stop_ramapuram,3
trip_route_21g_01,08:00:00,08:00:00,stop_island_ground,1
trip_route_21g_01,08:05:00,08:05:00,stop_guindy,2
trip_route_21g_01,08:10:00,08:10:00,stop_tambaram_west,3
trip_route_21g_01,08:15:00,08:15:00,stop_kilambakkam,4
trip_route_21l_01,08:00:00,08:00:00,stop_broadway,1
trip_route_21l_01,08:05:00,08:05:00,stop_island_ground,2
trip_route_21l_01,08:10:00,08:10:00,stop_velachery,3
trip_route_21x_01,08:00:00,08:00:00,stop_broadway,1
trip_route_21x_01,08:05:00,08:05:00,stop_island_ground,2
trip_route_21x_01,08:10:00,08:10:00,stop_guindy,3
trip_route_22_01,08:00:00,08:00:00,stop_island_ground,1
trip_route_22_01,08:05:00,08:05:00,stop_korattur,2
trip_route_23c_01,08:00:00,08:00:00,stop_besant_nagar,1
trip_route_23c_01,08:05:00,08:05:00,stop_t_nagar_terminus,2
trip_route_23c_01,08:10:00,08:10:00,stop_kodambakkam,3
trip_route_23c_01,08:15:00,08:15:00,stop_valluvar_kottam,4
trip_route_23c_01,08:20:00,08:20:00,stop_ayanavaram,5
trip_route_23v_01,08:00:00,08:00:00,stop_velachery,1
trip_route_23v_01,08:05:00,08:05:00,stop_guindy,2
trip_route_23v_01,08:10:00,08:10:00,stop_icf,3
trip_route_23v_01,08:15:00,08:15:00,stop_korattur,4
trip_route_24a_01,08:00:00,08:00:00,stop_vivekananda_house,1
trip_route_24a_01,08:05:00,08:05:00,stop_island_ground,2
trip_route_24a_01,08:10:00,08:10:00,stop_anna_nagar_west,3
trip_route_25_01,08:00:00,08:00:00,stop_island_ground,1
trip_route_25_01,08:05:00,08:05:00,stop_kodambakkam,2
trip_route_25_01,08:10:00,08:10:00,stop_valasaravakkam,3
trip_route_25_01,08:15:00,08:15:00,stop_porur,4
trip_route_25_01,08:20:00,08:20:00,stop_poonamallee,5
trip_route_26_01,08:00:00,08:00:00,stop_royapuram,1
trip_route_26_01,08:05:00,08:05:00,stop_broadway,2
trip_route_26_01,08:10:00,08:10:00,stop_kodambakkam,3
trip_route_26_01,08:15:00,08:15:00,stop_iyyappanthangal,4
trip_route_26b_01,08:00:00,08:00:00,stop_royapuram,1
trip_route_26b_01,08:05:00,08:05:00,stop_broadway,2
trip_route_26b_01,08:10:00,08:10:00,stop_porur,3
trip_route_26b_01,08:15:00,08:15:00,stop_mangadu,4
trip_route_26g_01,08:00:00,08:00:00,stop_royapuram,1
trip_route_26g_01,08:05:00,08:05:00,stop_broadway,2
trip_route_26g_01,08:10:00,08:10:00,stop_iyyappanthangal,3
trip_route_26k_01,08:00:00,08:00:00,stop_royapuram,1
trip_route_26k_01,08:05:00,08:05:00,stop_broadway,2
trip_route_26k_01,08:10:00,08:10:00,stop_iyyappanthangal,3
trip_route_26m_01,08:00:00,08:00:00,stop_royapuram,1
trip_route_26m_01,08:05:00,08:05:00,stop_broadway,2
trip_route_26m_01,08:10:00,08:10:00,stop_porur,3
trip_route_26m_01,08:15:00,08:15:00,stop_mogalivakkam,4
trip_route_26r_01,08:00:00,08:00:00,stop_royapuram,1
trip_route_26r_01,08:05:00,08:05:00,stop_broadway,2
trip_route_26r_01,08:10:00,08:10:00,stop_porur,3
trip_route_26r_01,08:15:00,08:15:00,stop_mogalivakkam,4
trip_route_27b_01,08:00:00,08:00:00,stop_cmbt,1
trip_route_27b_01,08:05:00,08:05:00,stop_vadapalani,2
trip_route_27b_01,08:10:00,08:10:00,stop_power_house,3
trip_route_27b_01,08:15:00,08:15:00,stop_kodambakkam,4
trip_route_27b_01,08:20:00,08:20:00,stop_valluvar_kottam,5
trip_route_27b_01,08:25:00,08:25:00,stop_island_ground,6
trip_route_29a_01,08:00:00,08:00:00,stop_perambur,1
trip_route_29a_01,08:05:00,08:05:00,stop_broadway,2
trip_route_29a_01,08:10:00,08:10:00,stop_island_ground,3
trip_route_29c_01,08:00:00,08:00:00,stop_perambur,1
trip_route_29c_01,08:05:00,08:05:00,stop_besant_nagar,2
trip_route_31g_01,08:00:00,08:00:00,stop_tambaram_west,1
trip_route_31g_01,08:05:00,08:05:00,stop_medavakkam_rd,2
trip_route_32a_01,08:00:00,08:00:00,stop_tondiarpet,1
trip_route_32a_01,08:05:00,08:05:00,stop_vallalar_nagar,2
trip_route_32a_01,08:10:00,08:10:00,stop_vivekananda_house,3
trip_route_32b_01,08:00:00,08:00:00,stop_korukkupet,1
trip_route_32b_01,08:05:00,08:05:00,stop_vallalar_nagar,2
trip_route_32b_01,08:10:00,08:10:00,stop_vivekananda_house,3
trip_route_34_01,08:00:00,08:00:00,stop_ambattur_ie,1
trip_route_34_01,08:05:00,08:05:00,stop_thiruvotriyur,2
trip_route_37_01,08:00:00,08:00:00,stop_vallalar_nagar,1
trip_route_37_01,08:05:00,08:05:00,stop_vadapalani,2
trip_route_37_01,08:10:00,08:10:00,stop_porur,3
trip_route_37_01,08:15:00,08:15:00,stop_poonamallee,4
trip_route_40a_01,08:00:00,08:00:00,stop_island_ground,1
trip_route_40a_01,08:05:00,08:05:00,stop_pattabiram,2
trip_route_40h_01,08:00:00,08:00:00,stop_island_ground,1
trip_route_40h_01,08:05:00,08:05:00,stop_pattabiram,2
trip_route_44_01,08:00:00,08:00:00,stop_island_ground,1
trip_route_44_01,08:05:00,08:05:00,stop_vallalar_nagar,2
trip_route_44_01,08:10:00,08:10:00,stop_manali,3
trip_route_45a_01,08:00:00,08:00:00,stop_vivekananda_house,1
trip_route_45a_01,08:05:00,08:05:00,stop_guindy,2
trip_route_45a_01,08:10:00,08:10:00,stop_madipakkam,3
trip_route_45b_01,08:00:00,08:00:00,stop_island_ground,1
trip_route_45b_01,08:05:00,08:05:00,stop_marina_beach,2
trip_route_45b_01,08:10:00,08:10:00,stop_guindy,3
trip_route_45e_01,08:00:00,08:00:00,stop_island_ground,1
trip_route_45e_01,08:05:00,08:05:00,stop_guindy,2
trip_route_45e_01,08:10:00,08:10:00,stop_kilkattalai,3
trip_route_47t_01,08:00:00,08:00:00,stop_t_nagar_terminus,1
trip_route_47t_01,08:05:00,08:05:00,stop_icf,2
trip_route_49a_01,08:00:00,08:00:00,stop_t_nagar_terminus,1
trip_route_49a_01,08:05:00,08:05:00,stop_iyyappanthangal,2
trip_route_49a_01,08:10:00,08:10:00,stop_poonamallee,3
trip_route_50_01,08:00:00,08:00:00,stop_royapuram,1
trip_route_50_01,08:05:00,08:05:00,stop_broadway,2
trip_route_50_01,08:10:00,08:10:00,stop_thiruverkadu,3
trip_route_54_01,08:00:00,08:00:00,stop_royapuram,1
trip_route_54_01,08:05:00,08:05:00,stop_porur,2
trip_route_54_01,08:10:00,08:10:00,stop_poonamallee,3
trip_route_57_01,08:00:00,08:00:00,stop_vallalar_nagar,1
trip_route_57_01,08:05:00,08:05:00,stop_redhills,2
trip_route_60a_01,08:00:00,08:00:00,stop_royapuram,1
trip_route_60a_01,08:05:00,08:05:00,stop_broadway,2
trip_route_60a_01,08:10:00,08:10:00,stop_guindy,3
trip_route_60a_01,08:15:00,08:15:00,stop_kundrathur,4
trip_route_66_01,08:00:00,08:00:00,stop_tambaram_west,1
trip_route_66_01,08:05:00,08:05:00,stop_kundrathur,2
trip_route_66_01,08:10:00,08:10:00,stop_poonamallee,3
trip_route_66a_01,08:00:00,08:00:00,stop_hasthinapuram,1
trip_route_66a_01,08:05:00,08:05:00,stop_kundrathur,2
trip_route_66j_01,08:00:00,08:00:00,stop_tambaram_west,1
trip_route_66j_01,08:05:00,08:05:00,stop_poonamallee,2
trip_route_72_01,08:00:00,08:00:00,stop_t_nagar_terminus,1
trip_route_72_01,08:05:00,08:05:00,stop_thiruverkadu,2
trip_route_77_01,08:00:00,08:00:00,stop_avadi,1
trip_route_77_01,08:05:00,08:05:00,stop_cmbt,2
trip_route_78_01,08:00:00,08:00:00,stop_cmbt,1
trip_route_78_01,08:05:00,08:05:00,stop_guindy,2
trip_route_78_01,08:10:00,08:10:00,stop_thiruvanmiyur,3
trip_route_85_01,08:00:00,08:00:00,stop_cmbt,1
trip_route_85_01,08:05:00,08:05:00,stop_porur,2
trip_route_85_01,08:10:00,08:10:00,stop_kundrathur,3
trip_route_88k_01,08:00:00,08:00:00,stop_kundrathur,1
trip_route_88k_01,08:05:00,08:05:00,stop_mangadu,2
trip_route_88k_01,08:10:00,08:10:00,stop_porur,3
trip_route_88k_01,08:15:00,08:15:00,stop_ramapuram,4
trip_route_88k_01,08:20:00,08:20:00,stop_valasaravakkam,5
trip_route_88k_01,08:25:00,08:25:00,stop_vadapalani,6
trip_route_88k_01,08:30:00,08:30:00,stop_ashok_pillar,7
trip_route_88k_01,08:35:00,08:35:00,stop_power_house,8
trip_route_88k_01,08:40:00,08:40:00,stop_kodambakkam_rs,9
trip_route_88k_01,08:45:00,08:45:00,stop_kodambakkam,10
trip_route_88ket_01,08:00:00,08:00:00,stop_broadway,1
trip_route_88ket_01,08:05:00,08:05:00,stop_kundrathur,2
trip_route_88ket_01,08:10:00,08:10:00,stop_nallur,3
trip_route_88m_01,08:00:00,08:00:00,stop_vadapalani,1
trip_route_88m_01,08:05:00,08:05:00,stop_kundrathur,2
trip_route_88m_01,08:10:00,08:10:00,stop_somangalam,3
trip_route_88r_01,08:00:00,08:00:00,stop_broadway,1
trip_route_88r_01,08:05:00,08:05:00,stop_kundrathur,2
trip_route_88r_01,08:10:00,08:10:00,stop_amarambedu,3
trip_route_89t_01,08:00:00,08:00:00,stop_tambaram_west,1
trip_route_89t_01,08:05:00,08:05:00,stop_kundrathur,2
trip_route_91_01,08:00:00,08:00:00,stop_kilambakkam,1
trip_route_91_01,08:05:00,08:05:00,stop_thiruvanmiyur,2
trip_route_96_01,08:00:00,08:00:00,stop_adyar,1
trip_route_96_01,08:05:00,08:05:00,stop_tambaram_west,2
trip_route_99_01,08:00:00,08:00:00,stop_tambaram_west,1
trip_route_99_01,08:05:00,08:05:00,stop_adyar,2
trip_route_101_01,08:00:00,08:00:00,stop_thiruvotriyur,1
trip_route_101_01,08:05:00,08:05:00,stop_broadway,2
trip_route_101_01,08:10:00,08:10:00,stop_poonamallee,3
trip_route_102_01,08:00:00,08:00:00,stop_island_ground,1
trip_route_102_01,08:05:00,08:05:00,stop_siruseri,2
trip_route_102_01,08:10:00,08:10:00,stop_thiruporur,3
trip_route_102a_01,08:00:00,08:00:00,stop_thiruvanmiyur,1
trip_route_102a_01,08:05:00,08:05:00,stop_pudupakkam,2
trip_route_102c_01,08:00:00,08:00:00,stop_island_ground,1
trip_route_102c_01,08:05:00,08:05:00,stop_semmancheri,2
trip_route_102ct_01,08:00:00,08:00:00,stop_thiruvanmiyur,1
trip_route_102ct_01,08:05:00,08:05:00,stop_siruseri,2
trip_route_102k_01,08:00:00,08:00:00,stop_island_ground,1
trip_route_102k_01,08:05:00,08:05:00,stop_kannagi_nagar,2
trip_route_102m_01,08:00:00,08:00:00,stop_adyar,1
trip_route_102m_01,08:05:00,08:05:00,stop_kelambakkam,2
trip_route_102p_01,08:00:00,08:00:00,stop_island_ground,1
trip_route_102p_01,08:05:00,08:05:00,stop_perumbakkam,2
trip_route_102s_01,08:00:00,08:00:00,stop_island_ground,1
trip_route_102s_01,08:05:00,08:05:00,stop_siruseri,2
trip_route_102x_01,08:00:00,08:00:00,stop_island_ground,1
trip_route_102x_01,08:05:00,08:05:00,stop_thiruporur,2
trip_route_104_01,08:00:00,08:00:00,stop_redhills,1
trip_route_104_01,08:05:00,08:05:00,stop_tambaram_west,2
trip_route_104a_01,08:00:00,08:00:00,stop_avadi,1
trip_route_104a_01,08:05:00,08:05:00,stop_kilambakkam,2
trip_route_104c_01,08:00:00,08:00:00,stop_kilambakkam,1
trip_route_104c_01,08:05:00,08:05:00,stop_cmbt,2
trip_route_104cx_01,08:00:00,08:00:00,stop_guduvanchery,1
trip_route_104cx_01,08:05:00,08:05:00,stop_cmbt,2
trip_route_104f_01,08:00:00,08:00:00,stop_madhavaram,1
trip_route_104f_01,08:05:00,08:05:00,stop_kilambakkam,2
trip_route_104m_01,08:00:00,08:00:00,stop_madhavaram,1
trip_route_104m_01,08:05:00,08:05:00,stop_kilambakkam,2
trip_route_104t_01,08:00:00,08:00:00,stop_thiruvika_nagar,1
trip_route_104t_01,08:05:00,08:05:00,stop_kilambakkam,2
trip_route_109_01,08:00:00,08:00:00,stop_island_ground,1
trip_route_109_01,08:05:00,08:05:00,stop_marina_beach,2
trip_route_109_01,08:10:00,08:10:00,stop_kovalam,3
trip_route_111_01,08:00:00,08:00:00,stop_thiruverkadu,1
trip_route_111_01,08:05:00,08:05:00,stop_tambaram_west,2
trip_route_114_01,08:00:00,08:00:00,stop_redhills,1
trip_route_114_01,08:05:00,08:05:00,stop_cmbt,2
trip_route_118_01,08:00:00,08:00:00,stop_tambaram_west,1
trip_route_118_01,08:05:00,08:05:00,stop_maraimalai_nagar,2
trip_route_120_01,08:00:00,08:00:00,stop_royapuram,1
trip_route_120_01,08:05:00,08:05:00,stop_avadi,2
trip_route_121_01,08:00:00,08:00:00,stop_minjur,1
trip_route_121_01,08:05:00,08:05:00,stop_cmbt,2
trip_route_142_01,08:00:00,08:00:00,stop_perambur,1
trip_route_142_01,08:05:00,08:05:00,stop_vinayagapuram,2
trip_route_150_01,08:00:00,08:00:00,stop_royapuram,1
trip_route_150_01,08:05:00,08:05:00,stop_avadi,2
trip_route_153_01,08:00:00,08:00:00,stop_cmbt,1
trip_route_153_01,08:05:00,08:05:00,stop_poonamallee,2
trip_route_154_01,08:00:00,08:00:00,stop_t_nagar_terminus,1
trip_route_154_01,08:05:00,08:05:00,stop_guindy,2
trip_route_154_01,08:10:00,08:10:00,stop_porur,3
trip_route_154_01,08:15:00,08:15:00,stop_poonamallee,4
trip_route_166_01,08:00:00,08:00:00,stop_iyyappanthangal,1
trip_route_166_01,08:05:00,08:05:00,stop_tambaram_west,2
trip_route_170c_01,08:00:00,08:00:00,stop_thiruvika_nagar,1
trip_route_170c_01,08:05:00,08:05:00,stop_guindy,2
trip_route_170tx_01,08:00:00,08:00:00,stop_kannadasan_nagar,1
trip_route_170tx_01,08:05:00,08:05:00,stop_cmbt,2
trip_route_170tx_01,08:10:00,08:10:00,stop_kilambakkam,3
trip_route_188c_01,08:00:00,08:00:00,stop_royapuram,1
trip_route_188c_01,08:05:00,08:05:00,stop_ramapuram,2
trip_route_188c_01,08:10:00,08:10:00,stop_kundrathur,3
trip_route_202_01,08:00:00,08:00:00,stop_tambaram_west,1
trip_route_202_01,08:05:00,08:05:00,stop_avadi,2
trip_route_206_01,08:00:00,08:00:00,stop_kilambakkam,1
trip_route_206_01,08:05:00,08:05:00,stop_avadi,2
trip_route_221_01,08:00:00,08:00:00,stop_broadway,1
trip_route_221_01,08:05:00,08:05:00,stop_thiruporur,2
trip_route_242_01,08:00:00,08:00:00,stop_island_ground,1
trip_route_242_01,08:05:00,08:05:00,stop_redhills,2
trip_route_266_01,08:00:00,08:00:00,stop_avadi,1
trip_route_266_01,08:05:00,08:05:00,stop_tambaram_west,2
trip_route_297_01,08:00:00,08:00:00,stop_kilambakkam,1
trip_route_297_01,08:05:00,08:05:00,stop_thiruvallur,2
trip_route_500_01,08:00:00,08:00:00,stop_tambaram_west,1
trip_route_500_01,08:05:00,08:05:00,stop_chengalpattu,2
trip_route_570_01,08:00:00,08:00:00,stop_cmbt,1
trip_route_570_01,08:05:00,08:05:00,stop_vadapalani,2
trip_route_570_01,08:10:00,08:10:00,stop_power_house,3
trip_route_570_01,08:15:00,08:15:00,stop_ashok_pillar,4
trip_route_570_01,08:20:00,08:20:00,stop_guindy,5
trip_route_570_01,08:25:00,08:25:00,stop_siruseri,6
trip_route_578_01,08:00:00,08:00:00,stop_poonamallee,1
trip_route_578_01,08:05:00,08:05:00,stop_sunguvarchathiram,2
trip_route_580_01,08:00:00,08:00:00,stop_avadi,1
trip_route_580_01,08:05:00,08:05:00,stop_arani,2
trip_route_588_01,08:00:00,08:00:00,stop_thiruvanmiyur,1
trip_route_588_01,08:05:00,08:05:00,stop_mamallapuram,2
trip_route_591_01,08:00:00,08:00:00,stop_poonamallee,1
trip_route_591_01,08:05:00,08:05:00,stop_perambakkam,2
trip_route_597_01,08:00:00,08:00:00,stop_t_nagar_terminus,1
trip_route_597_01,08:05:00,08:05:00,stop_thiruvallur,2
trip_route_m27_01,08:00:00,08:00:00,stop_cmbt,1
trip_route_m27_01,08:05:00,08:05:00,stop_vadapalani,2
trip_route_m27_01,08:10:00,08:10:00,stop_t_nagar_terminus,3
trip_route_m88_01,08:00:00,08:00:00,stop_kundrathur,1
trip_route_m88_01,08:05:00,08:05:00,stop_vadapalani,2
trip_route_s27_01,08:00:00,08:00:00,stop_porur,1
trip_route_s27_01,08:05:00,08:05:00,stop_guindy,2
