route_id,agency_id,route_short_name,route_long_name,route_type,fare_rs
route_1,MTC,1,Broadway to Thiruvanmiyur,3,18
route_2a,MTC,2A,Anna Square to K. Kannadasan Nagar,3,16
route_2b,MTC,2B,K. Kannadasan Nagar to K. Kannadasan Nagar,3,18
route_3,MTC,3,T. Nagar to Thiruvanmiyur,3,16
route_4,MTC,4,Island Ground to Ennore,3,22
route_8b,MTC,8B,Island Ground to Thiru.Vi.Ka. Nagar,3,16
route_12b,MTC,12B,Vadapalani to Foreshore Estate,3,16
route_13,MTC,13,T. Nagar to Island Ground,3,14
route_15,MTC,15,Island Ground to CMBT Koyambedu,3,16
route_17d,MTC,17D,High Court (Broadway) to Kalaignar Nagar,3,18
route_17e,MTC,17E,Broadway to Saligramam,3,18
route_18a,MTC,18A,Royapuram to Kilambakkam KCBT,3,35
route_19,MTC,19,T. Nagar to Thiruporur,3,32
route_19a,MTC,19A,T. Nagar to Siruseri IT Corridor,3,26
route_19b,MTC,19B,T. Nagar to Thiruporur Area,3,32
route_19c,MTC,19C,T. Nagar to Siruseri OMR,3,26
route_19d,MTC,19D,T. Nagar to Kovalam OMR,3,28
route_19t,MTC,19T,T. Nagar to Kelambakkam OMR,3,28
route_21,MTC,21,Broadway to Mandaveli,3,15
route_21c,MTC,21C,Broadway to Kannagi Nagar,3,18
route_21e,MTC,21E,Island Ground to Ramapuram,3,16
route_21g,MTC,21G,Island Ground to Kilambakkam KCBT,3,30
route_21l,MTC,21L,Broadway to Velachery,3,18
route_21x,MTC,21X,Broadway to Guindy,3,15
route_22,MTC,22,Anna Square to Korattur / Villivakkam,3,18
route_23c,MTC,23C,Besant Nagar to Ayanavaram,3,18
route_23v,MTC,23V,Velachery to Villivakkam,3,20
route_24a,MTC,24A,Vivekananda House to Anna Nagar West,3,18
route_25,MTC,25,Anna Square to Poonamallee via Valasaravakkam & Kodambakkam,3,24
route_26,MTC,26,Broadway to Iyyappanthangal via Valasaravakkam & Kodambakkam,3,22
route_26b,MTC,26B,Broadway to Mangadu via Valasaravakkam & Kodambakkam,3,22
route_26g,MTC,26G,Royapuram to Iyyappanthangal,3,22
route_26k,MTC,26K,Royapuram to Iyyappanthangal,3,22
route_26m,MTC,26M,Royapuram to Mogalivakkam,3,20
route_26r,MTC,26R,Royapuram to Mogalivakkam,3,20
route_27b,MTC,27B,CMBT Koyambedu to Anna Square,3,16
route_29a,MTC,29A,Perambur to Anna Square,3,16
route_29c,MTC,29C,Perambur to Besant Nagar,3,18
route_31g,MTC,31G,Tambaram West to Medavakkam Road,3,14
route_32a,MTC,32A,Tondiarpet to Vivekananda House,3,15
route_32b,MTC,32B,Korukkupet to Vivekananda House,3,15
route_34,MTC,34,Ambattur Industrial Estate to Thiruvotriyur,3,20
route_37,MTC,37,Vallalar Nagar to Poonamallee via Valasaravakkam & Kodambakkam,3,22
route_37g,MTC,37G,Vallalar Nagar (V. Nagar) to Poonamallee (Valasaravakkam ↔ Kodambakkam Main Bus),3,22
route_40a,MTC,40A,Anna Square to Pattabiram,3,26
route_40h,MTC,40H,Anna Square to Pattabiram,3,24
route_44,MTC,44,Island Ground to Manali,3,18
route_45a,MTC,45A,Vivekananda House to Madipakkam,3,18
route_45b,MTC,45B,Anna Square to Guindy TVK Estate,3,15
route_45e,MTC,45E,Anna Square to Kilkattalai,3,20
route_47t,MTC,47T,T. Nagar to ICF Villivakkam,3,15
route_49a,MTC,49A,T. Nagar to Poonamallee,3,18
route_50,MTC,50,Royapuram to Thiruverkadu,3,20
route_54,MTC,54,Royapuram to Poonamallee,3,24
route_57,MTC,57,Vallalar Nagar to Redhills,3,18
route_60a,MTC,60A,Royapuram to Kundrathur,3,24
route_66,MTC,66,Tambaram West to Poonamallee,3,18
route_66a,MTC,66A,Hasthinapuram to Kundrathur,3,15
route_66j,MTC,66J,Tambaram West to Poonamallee,3,18
route_72,MTC,72,T. Nagar to Thiruverkadu via Valasaravakkam & Kodambakkam,3,16
route_77,MTC,77,Avadi to CMBT Koyambedu,3,16
route_78,MTC,78,CMBT Koyambedu to Thiruvanmiyur,3,18
route_85,MTC,85,CMBT Koyambedu to Kundrathur,3,18
route_88a,MTC,88A,High Court (Broadway) to Nandambakkam,3,16
route_88k,MTC,88K,Kundrathur to Broadway via Vadapalani,3,22
route_88ket,MTC,88KET,Broadway to Nallur,3,25
route_88m,MTC,88M,Vadapalani to Somangalam,3,22
route_88r,MTC,88R,Broadway to Amarambedu,3,25
route_89t,MTC,89T,Tambaram West to Kundrathur,3,15
route_91,MTC,91,Kilambakkam KCBT to Thiruvanmiyur,3,25
route_96,MTC,96,Adyar to Tambaram West,3,18
route_99,MTC,99,Tambaram West to Adyar,3,18
route_101,MTC,101,Thiruvotriyur to Poonamallee,3,26
route_102,MTC,102,Island Ground to Kelambakkam,3,30
route_102a,MTC,102A,Thiruvanmiyur to Pudupakkam,3,20
route_102c,MTC,102C,Island Ground to Semmancheri,3,20
route_102ct,MTC,102CT,Thiruvanmiyur to Siruseri IT Park,3,18
route_102k,MTC,102K,Island Ground to Kannagi Nagar,3,18
route_102m,MTC,102M,Adyar to Manamathi,3,24
route_102p,MTC,102P,Island Ground to Perumbakkam,3,20
route_102s,MTC,102S,Island Ground to Okkiyam Thoraipakkam,3,18
route_102x,MTC,102X,Island Ground to Thiruporur,3,30
route_104,MTC,104,Redhills to Tambaram West,3,30
route_104a,MTC,104A,Avadi to Kilambakkam KCBT,3,32
route_104c,MTC,104C,Kilambakkam KCBT to CMBT Koyambedu,3,28
route_104cx,MTC,104CX,Guduvanchery to CMBT Koyambedu,3,26
route_104f,MTC,104F,Madhavaram to Kilambakkam KCBT,3,30
route_104m,MTC,104M,Madhavaram MMBT to Kilambakkam KCBT,3,30
route_104t,MTC,104T,Thiru.Vi.Ka. Nagar to Kilambakkam KCBT,3,28
route_109,MTC,109,Island Ground to Kovalam,3,24
route_111,MTC,111,Thiruverkadu to Tambaram West,3,22
route_114,MTC,114,Redhills to CMBT Koyambedu,3,18
route_118,MTC,118,Tambaram West to Maraimalai Nagar IE,3,16
route_120,MTC,120,Royapuram to Avadi,3,20
route_121,MTC,121,Minjur to CMBT Koyambedu,3,24
route_142,MTC,142,Perambur to Vinayagapuram,3,12
route_150,MTC,150,Royapuram to Avadi,3,20
route_153,MTC,153,CMBT Koyambedu to Poonamallee,3,16
route_154,MTC,154,T. Nagar to Poonamallee,3,18
route_166,MTC,166,Iyyappanthangal to Tambaram West,3,18
route_170c,MTC,170C,Thiru.Vi.Ka. Nagar to Guindy TVK Estate,3,18
route_170tx,MTC,170TX,K. Kannadasan Nagar to Kilambakkam KCBT,3,32
route_188c,MTC,188C,Royapuram to Kundrathur,3,24
route_202,MTC,202,Tambaram West to Avadi,3,20
route_206,MTC,206,Kilambakkam KCBT to Avadi,3,30
route_221,MTC,221,M.G.R. Central to Thiruporur,3,32
route_242,MTC,242,Island Ground to Redhills,3,22
route_266,MTC,266,Avadi to Tambaram West,3,20
route_297,MTC,297,Kilambakkam KCBT to Thiruvallur,3,36
route_500,MTC,500,Tambaram West to Chengalpattu NT,3,22
route_570,MTC,570,CMBT Koyambedu to Kelambakkam,3,32
route_578,MTC,578,Poonamallee to Sunguvarchathiram,3,20
route_580,MTC,580,Avadi to Arani,3,24
route_588,MTC,588,Thiruvanmiyur to Mamallapuram,3,28
route_591,MTC,591,Poonamallee to Perambakkam,3,22
route_597,MTC,597,Thiruvallur to T. Nagar via Valasaravakkam & Kodambakkam,3,30
route_m27,MTC,M27,CMBT Koyambedu to T. Nagar,3,14
route_m88,MTC,M88,Kundrathur to Vadapalani,3,15
route_s27,MTC,S27,Porur to Guindy TVK Estate,3,12
